,id,original_title,title,original_language,overview,tagline,release_date,poster_path,vote_count,vote_average,budget,revenue,runtime,status,adult,backdrop_path,genre_names,collection,collection_name,profit
125,630240,Titane,Titane,fr,"A woman with a metal plate in her head from a childhood car accident embarks on a bizarre journey, bringing her into contact with a firefighter who's reunited with his missing son after 10 years.",,2021-07-14,/wY7jeCdbhWuYao4WHI51pc51a9b.jpg,903,6.5,6600000,5115725,108,Released,False,/zEddiBK6yZNUGVnmBJzmnYcEWiR.jpg,"Drama, Horror, Thriller",,,-1484275
128,396535,부산행,Train to Busan,ko,"When a zombie virus pushes Korea into a state of emergency, those trapped on an express train to Busan must fight for their own survival.",Life-or-death survival begins.,2016-07-20,/vNVFt6dtcqnI7hqa6LFBUibuFiw.jpg,5939,7.8,8500000,87547518,118,Released,False,/fVpFOcQyHJM2di9upgSIwWD5wac.jpg,"Action, Horror, Science Fiction, Thriller",619537.0,Train to Busan Collection,79047518
160,6537,El orfanato,The Orphanage,es,"A woman brings her family back to her childhood home, which used to be an orphanage, intent on reopening it. Before long, her son starts to communicate with a new invisible friend.",A tale of love.  A story of horror.,2007-05-20,/vIpi1KtHLXUOfSVC2m6MqpjSPgL.jpg,2442,7.2,3400000,78638987,105,Released,False,/ljDBlVJXicjh3TwsECxQwY6Ts3l.jpg,"Drama, Horror, Thriller",,,75238987
182,8329,[REC],[REC],es,A television reporter and cameraman follow emergency workers into a dark apartment building and are quickly locked inside with something terrifying.,One witness. One camera,2007-11-23,/5XsVGgo8I12v3KlPcD0r1CNHMC6.jpg,3576,7.2,1500000,32511655,78,Released,False,/sYZPRfv7OvtS8KOvZ5OojOaiI7F.jpg,"Horror, Mystery",74508.0,[REC] Collection,31011655
213,581392,반도,Peninsula,ko,A soldier and his team battle hordes of post-apocalyptic zombies in the wastelands of the Korean Peninsula.,Escape the apocalypse.,2020-07-15,/eeqvAzCccAZOhU3RfbvHB3s44S6.jpg,1971,6.8,17000000,39657073,116,Released,False,/d2UxKyaJ5GgzuHaSsWinFfv3g6L.jpg,"Action, Horror, Thriller",619537.0,Train to Busan Collection,22657073
283,185341,[REC] 4: Apocalipsis,[REC]⁴ Apocalypse,es,"Ángela Vidal, the young television reporter who entered the building with the firemen, manages to make it out alive. But what the soldiers don't know is that she carries the seed of the strange infection. She is to be taken to a provisional quarantine facility, a high-security installation where she will have to stay in isolation for several days. An old oil tanker, miles off shore and surrounded by water on all sides, has been especially equipped for the quarantine.",It’s time to leave.,2014-10-31,/sD6LX35RwyDzMDAunn89MBZFnFv.jpg,935,5.5,3000000,4915757,95,Released,False,/vWzAeUQo7aP7cR6wUOrsK0YdWw7.jpg,"Horror, Thriller",74508.0,[REC] Collection,1915757
290,614696,#살아있다,#Alive,ko,"As a grisly virus rampages a city, a lone man stays locked inside his apartment, digitally cut off from seeking help and desperate to find a way out.",You must survive.,2020-06-24,/zqf711LsnQ5CcW3rISFw2t7OYzb.jpg,1365,7.3,6300000,13416285,98,Released,False,/hWpVSEMWDvG49ezvpksnS5BSnvB.jpg,"Action, Horror, Thriller",,,7116285
297,59429,パラノーマル・アクティビティ 第2章 TOKYO NIGHT,Paranormal Activity: Tokyo Night,ja,"Koichi takes care of his sister, who has recently returned from a trip abroad in the United States as she is not well. While caring for her, he records evidence of ghosts in their home.",The nightmare continue...,2010-11-20,/mh7j7XlYWo82UnQGhsxcuyolzp.jpg,360,6.0,1350000,4160000,91,Released,False,/1S6HTRZ8HwuIM8KVNOaycN5WxwX.jpg,"Horror, Thriller",,,2810000
344,80280,[REC]³ Génesis,[REC]³ Genesis,es,A pair of newlyweds must fight to survive when their wedding reception descends into chaos and carnage when their guests become infected by a virus that turns them into hungry zombies.,You may kiss the bride.,2012-03-30,/tI1534q0Up7PBcLdXdFerLmIXn3.jpg,1221,5.2,6400000,11019975,80,Released,False,/zw2fVaoOajJc5wcbESvAUsCXimU.jpg,Horror,74508.0,[REC] Collection,4619975
376,9539,Martyrs,Martyrs,fr,"A young woman’s quest for revenge against the people who kidnapped and tortured her as a child leads her and her best friend, also a victim of child abuse, on a terrifying journey into a living hell of depravity.",They haven’t finished being alive.,2008-09-03,/5ftw4H7jvp6wYhlp8HsuF4N66RM.jpg,2142,7.4,6500000,1100000,99,Released,False,/n8zvKDOUy4JwIzQArjoVBhVaPDp.jpg,"Drama, Horror, Thriller",,,-5400000
442,1017246,Cracked,Cracked,th,"Ruja inherited the painting from her deceased father and hired Tim, an art restorer to repair it, but they don't know that this invaluable art came with invaluable horror.",,2022-02-24,/oagzq2MOUoxWpQjttENx2cODLhh.jpg,11,6.4,3000000,6000000,93,Released,False,/19zaH0qvNqhmXCCGXZqI1cqM3hz.jpg,"Horror, Thriller",,,3000000
446,10664,[REC]²,[REC]²,es,"The action continues from [REC], with the medical officer and a SWAT team outfitted with video cameras are sent into the sealed off apartment to control the situation.",Fear Revisited,2009-09-15,/gWmIqmhb6B6bmL6EPX4sVx0jO02.jpg,1652,6.6,5600000,18469680,85,Released,False,/svZPLmBwYHjlwDwHkZz4EotpXqx.jpg,"Horror, Thriller",74508.0,[REC] Collection,12869680
482,315011,シン・ゴジラ,Shin Godzilla,ja,"When a massive, gilled monster emerges from the deep and tears through the city, the government scrambles to save its citizens.  A rag-tag team of volunteers cuts through a web of red tape to uncover the monster's weakness and its mysterious ties to a foreign superpower.  But time is not on their side - the greatest catastrophe to ever befall the world is about to evolve right before their very eyes.",God help us,2016-07-29,/9TdP3lOYereXW6lJp3ayPkB8muP.jpg,866,7.1,15000000,77947607,120,Released,False,/9nyToPG5mhfm4KiPGChu35jH9QZ.jpg,"Action, Horror, Science Fiction",,,62947607
486,517302,Pahanhautoja,Hatching,fi,"12 year old Tinja is desperate to please her mother, a woman obsessed with presenting the image of a perfect family. One night, Tinja finds a strange egg. What hatches is beyond belief.",She's coming out of her shell,2022-03-04,/jgJACjJIpcbFfEEmEglinfQWQPO.jpg,142,6.4,3896000,490000,91,Released,False,/bnXGwFBomUseQIc9Xqiymy9p8qP.jpg,"Fantasy, Horror",,,-3406000
510,4552,"장화, 홍련",A Tale of Two Sisters,ko,"A recently released patient from a mental institution returns home with her sister, only to face disturbing events between her stepmother and the ghosts haunting their house- all of which are connected to a dark past in the family's history.",Our sorrow was conceived long before our birth.,2003-06-13,/l3exwhwyGE0NnHJ3lFQ7eXoBSkH.jpg,904,7.1,15050245,1062878,115,Released,False,/tM7uHa2Km5gSakooTQsZLwit3PK.jpg,"Drama, Horror, Mystery",,,-13987367
528,208763,Вий,Forbidden Empire,ru,"Early 18th century. Cartographer Jonathan Green undertakes a scientific voyage from Europe to the East. Having passed through Transylvania and crossed the Carpathian Mountains, he finds himself in a small village lost in impassible woods. Nothing but chance and heavy fog could bring him to this cursed place. People who live here do not resemble any other people which the traveler saw before that. The villagers, having dug a deep moat to fend themselves from the rest of the world, share a naive belief that they could save themselves from evil, failing to understand that evil has made its nest in their souls and is waiting for an opportunity to gush out upon the world.",The truth is in you,2014-01-30,/q0o9JQDp6PHY4zK0Aw1NHpyQyeo.jpg,244,5.9,26000000,34592118,128,Released,False,/d7SWh0taIIfWyO2Yuy2wrO6z6p6.jpg,"Adventure, Fantasy, Horror, Mystery, Science Fiction, Thriller",428046.0,Viy Collection,8592118
548,63311,La piel que habito,The Skin I Live In,es,A brilliant plastic surgeon creates a synthetic skin that withstands any kind of damage. His guinea pig: a mysterious and volatile woman who holds the key to his obsession.,,2011-08-17,/wlTHU4M3Hmkxntnfv4iVMeMnPg2.jpg,3601,7.5,13000000,33750478,120,Released,False,/oPxTkDKK2NcHcAEADATWiXKOkFw.jpg,"Drama, Horror, Thriller",,,20750478
562,1255,괴물,The Host,ko,"Following the dumping of gallons of toxic waste in the river, a giant mutated squid-like creature appears and begins attacking the populace. Gang-du's daughter Hyun-seo is snatched up by the creature; with his family to assist him, he sets off to find her.",Monsters are real.,2006-07-27,/dEDLY3KeghKFzks5nTDWdigVikr.jpg,2227,7.0,11000000,88489643,120,Released,False,/f8lQnoUG0UVK6xXOvfoP0alVJrW.jpg,"Drama, Horror, Science Fiction",,,77489643
597,2671,リング,Ringu,ja,"A mysterious video has been linked to a number of deaths, and when an inquisitive journalist finds the tape and views it herself, she sets in motion a chain of events that puts her own life in danger.","One curse, one cure, one week to find it",1998-01-30,/dTtWdsBZuyAs5HwDXSOdjRtHugI.jpg,1072,7.1,1200000,19400000,96,Released,False,/xSxVLvh8FAFDD68lx718E3hE2i3.jpg,"Horror, Thriller",93369.0,Ringu Collection,18200000
689,388045,La Leyenda del Chupacabras,The Legend of the Chupacabras,es,"Leo San Juan and his team of ""ghostbusters"" continue with their adventures, this time fighting against the mexican monster himself: ""El Chupacabras"".",,2016-10-21,/137StSquVSbMhLUB55kmRhMC8t8.jpg,111,7.2,1600000,5138140,81,Released,False,/3fEHPnm0KTyPWiZT6yEA3neLVHA.jpg,"Action, Adventure, Animation, Family, Fantasy, History, Horror",519564.0,Las Leyendas Collection,3538140
711,9669,リング 2,Ringu 2,ja,"While investigating the horrifying death of her boyfriend, Mai Takano learns about a videotape haunted by the spirit of a disturbing girl named Sadako, which kills anyone who watches it exactly one week later. When her boyfriend’s son, Yoichi, starts to develop the same psychic abilities as Sadako, Takano must find a way to keep the boy and herself from becoming the next victims.",,1999-01-23,/HREqYQWkGnH2viRQEXupCSX7ID.jpg,322,5.7,6000000,31365000,92,Released,False,/aOICqzE7mb8fu6N3fx0MPIWW0ps.jpg,"Horror, Mystery, Science Fiction",93369.0,Ringu Collection,25365000
762,393519,Grave,Raw,fr,"In Justine’s family everyone is a vet and a vegetarian. At 16, she’s a gifted teen ready to take on her first year in vet school, where her older sister also studies. There, she gets no time to settle: hazing starts right away. Justine is forced to eat raw meat for the first time in her life. Unexpected consequences emerge as her true self begins to form.",What are you hungry for?,2016-11-11,/kc8jT1MAiKM0iwdjAwC5lQrTNry.jpg,2681,7.1,3500000,4100000,99,Released,False,/vh3EWQWWVkawKgKdrJUk00zKkXn.jpg,"Comedy, Drama, Horror",,,600000
770,420648,El bar,The Bar,es,"In downtown Madrid, a series of mysterious gunshots trap a motley assortment of people in a decrepit bar.",Ordering coffee can cost your life,2017-02-15,/qqy6zdir0lk9nPBSAPP6ap3myO4.jpg,1149,6.3,6045750,3662671,102,Released,False,/6u6KIyDKojx7pGhCn0skRHdmqX3.jpg,"Comedy, Horror, Thriller",,,-2383079
772,467938,Revenge,Revenge,fr,Jen's romantic getaway with her wealthy married boyfriend is disrupted when his friends arrive for an impromptu hunting trip. Tension mounts at the house until the situation culminates in an unexpected way.,Why do women always have to put up a fight?,2017-01-25,/dZdsm8Z8irM3da7f7U1V3opk3sv.jpg,1457,6.4,2900000,692079,109,Released,False,/8XT1YtgLv0EQieawoadMIXxcvBL.jpg,"Action, Horror, Thriller",,,-2207921
785,11838,呪怨,Ju-on: The Grudge,ja,"Volunteer home-care worker Rika is assigned to visit a family, she is cursed and chased by two revengeful fiends: Kayako, a woman brutally murdered by her husband and her son Toshio. Each person that lives in or visits the haunted house is murdered or disappears.",When a grudge from the dead passes to the living - Who is safe?,2002-10-18,/oulszWeFpIBbbLZbkJNQiYRlcQs.jpg,610,6.7,3500000,3657876,92,Released,False,/7sK1fJTh6ndhI7gRg1L9VS4260r.jpg,Horror,1972.0,Ju-on Collection,157876
863,293670,곡성,The Wailing,ko,A stranger arrives in a little village and soon after a mysterious sickness starts spreading. A policeman is drawn into the incident and is forced to solve the mystery in order to save his daughter.,Never be tempted.,2016-05-12,/aXlL7yYwpXInhltamtzKQFBG08G.jpg,1313,7.3,10951000,49851770,155,Released,False,/hge97XAJgT6977lFTedreLPlZwh.jpg,"Horror, Mystery",,,38900770
873,46146,Trolljegeren,Troll Hunter,nb,"A group of students investigates a series of mysterious bear killings, but learns that there are much more dangerous things going on. They start to follow a mysterious hunter, learning that he is actually a troll hunter.",You’ll believe it when you see it!,2010-10-29,/v2W5NEz0p9jPFzbbYt0dP86gsOX.jpg,1312,6.7,3500000,4159678,103,Released,False,/bXxRCUmmrqs4bUzAkU6axLUwUcE.jpg,"Fantasy, Horror",,,659678
974,207686,La casa del fin de los tiempos,The House at the End of Time,es,"The story of Dulce, a mother who has encounters with apparitions inside her old house. She must decipher a mystery that could trigger a prophecy: the death of her family.",There's no turning back.,2013-06-21,/92FQvweLxWVDstpEY2LPLi0kp9A.jpg,253,6.7,300000,4588899,101,Released,False,/ZIwr7usYLrVodguqdosMiXzJc5.jpg,"Drama, Fantasy, Horror",,,4288899
1003,2269,Дневной дозор,Day Watch,ru,"A man who serves in the war between the forces of Light and Dark comes into possession of a device that can restore life to Moscow, which was nearly destroyed by an apocalyptic event.",The second chapter in the epic fantasy trilogy,2006-01-01,/7IDo4kkWXb26kiGiCoBX3lAOjKb.jpg,434,6.1,4200000,42918532,145,Released,False,/qV34mKEiF63iyfc0X3mdayAp6ap.jpg,"Action, Fantasy, Horror, Thriller",3106.0,World of Watches Collection,38718532
1009,11075,オーディション,Audition,ja,"Seven years after the death of his wife, widower Shigeharu seeks advice on how to find a new wife from a colleague. Taking advantage of their position as a film company, they stage an audition. Interviewing a series of women, Shigeharu is enchanted by the quiet Asami. But soon things take a twisted turn as Asami isn’t what she seems to be.",She always gets a part.,1999-10-06,/381efRw5TlwSD598QdiKUTQYr5p.jpg,1179,7.1,250000,359853,115,Released,False,/xmtmZc5aylqDMRKYlU8pmsgG0HF.jpg,"Drama, Horror",,,109853
1026,14451,Død snø,Dead Snow,no,Eight medical students on a ski trip to Norway discover that Hitler's horrors live on when they come face to face with a battalion of zombie Nazi soldiers intent on devouring anyone unfortunate enough to wander into the remote mountains where they were once sent to die.,"Eins, Zwei, Die!",2009-01-09,/sfwVo5cZJtO8VyDWTILDt4f69IT.jpg,922,6.0,800000,2166797,91,Released,False,/ZWzkZV8h4Ryhhb2cV49QOxxBds.jpg,"Comedy, Horror",286038.0,Dead Snow Collection,1366797
1054,1433,El espinazo del diablo,The Devil's Backbone,es,"Spain, 1939. In the last days of the Spanish Civil War, the young Carlos arrives at the Santa Lucía orphanage, where he will make friends and enemies as he follows the quiet footsteps of a mysterious presence eager for revenge.",What is a ghost?,2001-04-20,/es3NIsfzm3rlyjzqDV2fCoJRwTX.jpg,967,7.3,4500000,6582065,108,Released,False,/9qJm5XhdgFWkHZIAwm7TurLxQIy.jpg,"Drama, Fantasy, Horror, Thriller",,,2082065
1091,9696,殺し屋1,Ichi the Killer,ja,"As sadomasochistic yakuza enforcer Kakihara searches for his missing boss he comes across Ichi, a repressed and psychotic killer who may be able to inflict levels of pain that Kakihara has only dreamed of.",Love really hurts.,2001-12-22,/k8j4YLZlda98dqp9ErymKzjYowG.jpg,733,7.0,1400010,80631,129,Released,False,/aw0EeseSr10dVUuY6Aiv6HhP8UW.jpg,"Action, Crime, Horror",,,-1319379
1167,9666,呪怨2,Ju-on: The Grudge 2,ja,"While driving , the pregnant horror-movie actress Kyôko Harase and her fiancé are in a car crash. She loses her baby and her fiancé winds up in a coma. Kyôko was cursed together with a television crew when they shot a show in the haunted house where Kayako was brutally murdered by her husband years ago. While each member of the team dies or disappears, Kyôko is informed that she has a three-and-a-half-month-old fetus in her womb.",,2003-08-15,/y5ASudUs59uweNDkjWPCO2ebR5o.jpg,249,6.3,20000000,70700000,92,Released,False,/9NACuGg0YkzNAUoRIxUSYFqfJ5m.jpg,"Horror, Thriller",1972.0,Ju-on Collection,50700000
1185,1679,ゴジラの逆襲,Godzilla Raids Again,ja,"Two fishing scout pilots make a horrifying discovery when they encounter a second Godzilla alongside a new monster named Anguirus. Without the weapon that killed the original, authorities attempt to lure Godzilla away from the mainland. But Anguirus soon arrives and the two monsters make their way towards Osaka as Japan braces for tragedy.",The great story of the terrifying spirits that rampage through Japan!,1955-04-24,/bBYdh9tDCyLaArBOzE38QCA7C3y.jpg,183,6.0,800000,1952653,82,Released,False,/xbKFQCZNK14gp9k6cFCwgp2OCtU.jpg,"Action, Adventure, Drama, Horror, Science Fiction, Thriller",374509.0,Godzilla (Showa) Collection,1152653
1187,6312,Le Pacte des loups,Brotherhood of the Wolf,fr,"In 18th century France, the Chevalier de Fronsac and his Native American friend Mani are sent by the King to the Gevaudan province to investigate the killings of hundreds by a mysterious beast.",,2001-01-31,/7E0cNopVzqCz92lCsDsr6XoNWoy.jpg,1224,6.7,29000000,70752904,137,Released,False,/h0UUPwxnL5w0rYbKE0ZDzOhzBqO.jpg,"Action, Adventure, History, Horror",,,41752904
1191,314405,Il racconto dei racconti,Tale of Tales,it,The Queen of Selvascura risks everything to be a mother; the King of Roccaforte falls in love with the voice of a mysterious girl; the King of Altomonte becomes obsessed with a flea and neglects his daughter.,Desire. Envy. Obsession.,2015-05-14,/ryZsoaYmcEJsye6P5uo5thEjpqB.jpg,1463,6.4,12000000,5500277,134,Released,False,/UjxHQgV5LFEOBNVhZUbBcfl5pO.jpg,"Fantasy, Horror, Romance",,,-6499723
1197,28794,Quella villa accanto al cimitero,The House by the Cemetery,it,"After a doctor kills his mistress and himself while researching the mysterious previous owner of his Boston home, his colleague, Dr. Norman Boyle, takes over his research and moves his family from New York City to the Boston mansion. Soon after, Boyle's young son Bob becomes plagued by visions of a young girl, who warns him of the danger within the house.",Read the fine print. You may have just mortgaged your life.,1981-08-14,/9cX9N5ny8XtpVDfJu3Xlaap9cAA.jpg,294,6.1,786801,1845819,87,Released,False,/vvtvXshMXWRshE8STd6pT1eibbj.jpg,Horror,923500.0,Gates of Hell Trilogy,1059018
1207,13310,Låt den rätte komma in,Let the Right One In,sv,"Set in 1982 in the suburb of Blackeberg, Stockholm, twelve-year-old Oskar is a lonely outsider, bullied at school by his classmates; at home, Oskar dreams of revenge against a trio of bullies. He befriends his twelve-year-old, next-door neighbor Eli, who only appears at night in the snow-covered playground outside their building.",Eli is 12 years old. She’s been 12 for over 200 years and she just moved in next door.,2008-10-24,/4hezTKTuZMp0l2ufihKwPgLmfLg.jpg,2449,7.5,4000000,10785801,115,Released,False,/AdR5kqBpmB4lPpRLcBFKAhBKeqD.jpg,"Drama, Horror",,,6785801
1230,1678,ゴジラ,Godzilla,ja,"Japan is thrown into a panic after several ships are sunk near Odo Island. An expedition to the island led by Dr. Yemani soon discover something far more devastating than imagined in the form of a 50 meter tall monster whom the natives call Gojira. Now the monster begins a rampage that threatens to destroy not only Japan, but the rest of the world as well.","Godzilla, a weapon of science, a great battle of wonder and terror!",1954-11-03,/ixfHV61iRM4Jkgw0uI5ICtNwfmX.jpg,694,7.6,900000,2250000,96,Released,False,/tWeQvXUaFoS0IP5anj7pdRsP6xF.jpg,"Horror, Science Fiction, Thriller",374509.0,Godzilla (Showa) Collection,1350000
1286,123103,Aftershock,Aftershock,es,Mayhem and death follow when an earthquake traps a group of tourists in a Chilean town.,The only thing more terrifying than Mother Nature is human nature.,2012-09-12,/jbPqPMbJbhFttJy2joNVsO7a7Po.jpg,267,5.1,2000000,58510,89,Released,False,/vHrysJ0NEk26LQnZglu3yfZU5eS.jpg,"Horror, Thriller",,,-1941490
1314,36095,キュア,Cure,ja,"A wave of gruesome murders is sweeping Tokyo. The only connection is a bloody X carved into the neck of each of the victims. In each case, the murderer is found near the victim and remembers nothing of the crime. Detective Takabe and psychologist Sakuma are called in to figure out the connection, but their investigation goes nowhere...",Madness. Terror. Murder.,1997-12-27,/nLZ2AJFLtMoAAAD54mbT4exj1Wp.jpg,292,7.4,20000,99000,111,Released,False,/yvpfjDMyV2nT0WJ6r3vZEfig6p2.jpg,"Crime, Horror, Mystery, Thriller",,,79000
1323,12205,仄暗い水の底から,Dark Water,ja,A woman in the midst of an unpleasant divorce moves to an eerie apartment building with her young daughter. The ceiling of their apartment has a dark and active leak.,,2002-01-19,/u7FIePdOTjboDAjcaA9MabbzAuf.jpg,442,6.7,4000000,1686839,101,Released,False,/aMcMCy7q2j1volCKY0wp4qu4O1c.jpg,"Horror, Mystery",,,-2313161
1366,18897,Ne te retourne pas,Don't Look Back,fr,Panic attacks and memory loss signal the plight of a writer whose body is inexplicably being taken over by another woman.,,2009-06-03,/jPcOn2JyFFcWNbsRME8hXkvmMRT.jpg,167,5.6,13000000,2651917,110,Released,False,/98gWlgjCGZdY9niFND7ZkxyB2Vi.jpg,"Drama, Horror, Mystery, Thriller",,,-10348083
1378,10253,디 워,Dragon Wars,ko,"Based on the Korean legend, unknown creatures will return and devastate the planet. Reporter Ethan Kendrick is called in to investigate the matter.",They've made our world their battleground.,2007-02-08,/rEpvqWGu08coDLUpcpiz4sMoDYo.jpg,318,4.5,32000000,75108998,90,Released,False,/5WWqrUIGrCb1QvZtYVaSfZgUG8n.jpg,"Action, Drama, Fantasy, Horror, Science Fiction, Thriller",,,43108998
1516,27324,回路,Pulse,ja,"In the immense city of Tokyo, the darkness of the afterlife lurks some of its inhabitants who are desperately trying to escape the sadness and isolation of the modern world.",Do you want to meet a ghost?,2001-02-03,/7B92JUedDPxQrKzT53H3sokCi64.jpg,343,6.6,25000000,318451,119,Released,False,/2ffEo7Aifb0maJTzVY3FWOZqWp6.jpg,"Horror, Mystery, Thriller",,,-24681549
1540,9694,着信アリ,One Missed Call,ja,"People mysteriously start receiving voicemail messages from their future selves, in the form of the sound of them reacting to their own violent deaths, along with the exact date and time of their future death, listed on the message log. The plot thickens as the surviving characters pursue the answers to this mystery which could save their lives.",Death cannot be put on hold...,2003-11-03,/8ujSEEePCVMyi7Mt1RQMXd6SWmy.jpg,328,6.1,1700000,16200000,112,Released,False,/b2fhFhVrwgi36YCYshIrpxc2DjG.jpg,"Horror, Thriller",126580.0,One Missed Call Collection,14500000
1563,27431,Il gatto a nove code,The Cat o' Nine Tails,it,"A reporter and a blind, retired journalist try to solve a series of murders. The crimes are connected to experiments by a pharmaceutical company in secret research. The two end up becoming targets of the killer.",Caught between the truth and a murderer's hand!,1971-02-12,/zn8sMd8yonDEYUnNuApIhIvHJhP.jpg,324,6.7,1000000,1204739,112,Released,False,/lzH4a8ROLD5kfA2M6tdePzINPnk.jpg,"Horror, Mystery, Thriller",,,204739
1646,22536,박쥐,Thirst,ko,"Sang-hyun, a respected priest, volunteers for an experimental procedure that may lead to a cure for a deadly virus. He gets infected and dies, but a blood transfusion of unknown origin brings him back to life as a vampire. Now, Sang-hyun is torn between faith and bloodlust, and has a newfound desire for Tae-ju, the wife of his childhood friend.",Lusting after sinful pleasures.,2009-04-30,/sFgvkGpXLTydvHqBCXw54OB8R0h.jpg,686,7.0,5000000,13085023,134,Released,False,/oNdO2VSonWIZFZNC7O4bkuFTNOh.jpg,"Drama, Horror, Thriller",,,8085023
1678,18289,ゴジラvsビオランテ,Godzilla vs. Biollante,ja,"After the previous Godzilla attack, a miniature arms race ensues to collect his cells. Concerned over Godzilla's possible return, the Japanese government uses the cells to create a new bio-weapon, ANEB (Anti-Nuclear Energy Bacteria). They seeks the aid of geneticist Genshiro Shiragami, who's experiments result in a new mutation.",The winner of this battle would be the most enormous enemy against human beings.,1989-12-16,/tHchmbNaJNxp9vRGExvYg3dwMab.jpg,156,7.2,5000000,7000000,105,Released,False,/qpqKeG0TujGRHvk6bnvmoGGvVMN.jpg,"Action, Horror, Science Fiction",374511.0,Godzilla (Heisei) Collection,2000000
1686,513434,カメラを止めるな！,One Cut of the Dead,ja,"""Things go badly for a hack director and film crew shooting a low-budget zombie movie in an abandoned Japanese World War II facility, when they are attacked by real zombies."" Or, that's what it says on the tin, but this is the story of how it really happened...",Don't Stop Shooting!,2017-11-04,/rws34k2bqYVo2B5MkhKAbV8925j.jpg,544,7.7,30000,200000000,96,Released,False,/dWaYqEB884mCaTXTtK1OACaoSb1.jpg,"Comedy, Horror",668003.0,One Cut of the Dead Collection,199970000
1796,12561,ゴジラvsデストロイア,Godzilla vs. Destoroyah,ja,"A burning Godzilla, on the verge of meltdown, emerges to lay siege to Hong Kong. At the same time horrifying new organisms are discovered in Japan. These crustacean-like beings are seemingly born of the Oxygen Destroyer, the weapon that killed the original Godzilla.",,1995-12-09,/t28laxbteoyubkGPQZJFmrEEdGl.jpg,182,7.8,10000000,18000000,103,Released,False,/mTL72rHXjdwQYsfnuJC1Szbcckg.jpg,"Action, Horror, Science Fiction",374511.0,Godzilla (Heisei) Collection,8000000
1843,10086,C'est arrivé près de chez vous,Man Bites Dog,fr,"The activities of rampaging, indiscriminate serial killer Ben are recorded by a willingly complicit documentary team, who eventually become his accomplices and active participants. Ben provides casual commentary on the nature of his work and arbitrary musings on topics of interest to him, such as music or the conditions of low-income housing, and even goes so far as to introduce the documentary crew to his family. But their reckless indulgences soon get the better of them.",A Killer Comedy,1992-08-20,/cT8XcigfWuD2hMZJJg6cXewv96F.jpg,707,7.3,33000,205569,96,Released,False,/eQgCRDokLbd4WkiaPUafUQrpFGB.jpg,"Comedy, Crime, Drama, Horror, Thriller",,,172569
1862,10389,見鬼,The Eye,cn,"A blind concert violinist gets a cornea transplant allowing her to see again. However, she gets more than she bargained for when she realizes her new eye can see ghosts. She sets out to find the origins of the cornea and discover the fate of its former host.",How can you believe your eyes when they're not yours?,2002-05-09,/cTtgcKrRWI0HNoHTwHF67x17Kk1.jpg,322,6.5,10706075,1766761,98,Released,False,/ipdFB5oqz2qQG57SdYmcUYTmCYN.jpg,Horror,264335.0,The Eye Collection,-8939314
1863,422715,Невеста,The Bride,ru,This is a story of a small town girl named Nastya. Her newly married husband Ivan drives her to his hometown to meet his family. Upon their arrival Nastya feels she made a wrong decision: she is surrounded by weird people and she sees creepy photos all around the house. Ivan disappears while his family prepares Nastya for a mysterious traditional Russian wedding ceremony. She struggles to calm herself down hoping all this will end and they will live happily ever after. Only if she stays alive...,,2017-01-19,/aKKanGgtgHxrdb1e7OKxbvpio04.jpg,311,5.9,1500000,6945256,90,Released,False,/me5utxTz6hlEgAeQisexKHP27ZU.jpg,"Horror, Mystery, Thriller",,,5445256
1925,25597,헨젤과 그레텔,Hansel & Gretel,ko,"When Eun-soo gets lost in a country road, he meets a mysterious girl and is led to her fairytale ike house in the middle of the forest. There, Eun-soo is trapped with the girl and her siblings who never age. Eun-soo finally discovers a way out which is written on a fairy tale book. But the book tells a story of none other than himself!","Once upon a time in a dark, dark forest...",2007-12-27,/lgubqcerdcykeU9fNO8I1p2Nh6S.jpg,142,6.7,4000000,2206625,117,Released,False,/jDGEow8TLShkM6st9QkvUnTuxr3.jpg,"Drama, Fantasy, Horror",,,-1793375
1962,33908,"쓰리, 몬스터",Three… Extremes,ko,"An Asian cross-cultural trilogy of horror films from accomplished indie directors: Dumplings, directed by Fruit Chan of Hong Kong, Cut directed by Park Chan-Wook of Korea, and Box directed by Miike Takashi of Japan.",From the Nightmares of 3 Horror Masters.,2004-08-20,/et67QHZlzgbPwU4zC7o2iwRIrcz.jpg,284,6.8,77532,516930,125,Released,False,/gTyVZH8Cipil3G2DW0zBw8cwAlA.jpg,Horror,998794.0,Tam Canh,439398
1990,21198,Saint Ange,House of Voices,fr,"In 1958, in the French Alp, the young servant Anna Jurin arrives in Saint Ange Orphanage to work with Helena while the orphans moved to new families. Anna, who is secretly pregnant, meets the last orphan, Judith, left behind because of her mental problems, and they become closer when Anna find that Judith also hear voices and footsteps of children.",,2004-06-23,/2d1JogvQG3Hcay30wo8261otfZ6.jpg,149,6.0,320000,6782283,98,Released,False,/rQvADJkrhFq9tuYqUixPJ22ttUt.jpg,"Horror, Mystery",,,6462283
2169,11662,キャシャーン,Casshern,ja,"Fifty years of war between the Great Eastern Federation and Europa - now merged as Eurasia - have taken their toll on planet Earth. As a result of the use of biological, chemical and nuclear weapons, much of Earth has become uninhabitable and people have become prey to new diseases. Professor Azuma's ""neo-cell"" project, which is supposed to be the answer to mankind's hardships, becomes a nightmare come true when mutants spawned from the experiment escape and declare war on the human race. Azuma's son Tetsuya, who was killed during the previous war, is reborn into the cyborg Casshern as mankind's last hope against the new mutant threat. This live-action sci-fi movie based on a 1973 Japanese animé of the same name.",When a hero falls a legend will rise,2004-04-24,/naIjHWfQFge69GqeehgsekwDkbl.jpg,208,5.9,6000000,12353768,141,Released,False,/nOovQqWWrGRkEkefR19syGO5a9i.jpg,"Drama, Horror, Science Fiction",,,6353768
2298,214209,숨바꼭질,Hide and Seek,ko,"Sung-soo has everything a man could want: a beautiful wife and children, a comfortable home and luxury car, and plenty of money in the bank. When he learns that his estranged brother, Sung-chul, has gone missing, haunting memories of their troubled past urge him to visit his brother’s apartment in search of answers.",Stop peeping at me.,2013-08-14,/z11Dd1r8BQhCLhLfRh1x5QuzMRw.jpg,77,6.5,1900000,35461505,107,Released,False,/qgEl6jnzVtpwU6BtTm5DNlCiGZh.jpg,"Horror, Thriller",,,33561505
2305,54433,ガメラ 大怪獣空中決戦,Gamera: Guardian of the Universe,ja,"A ship runs aground on a mysterious atoll leading to an investigation by insurance representative Kusanagi, who discovers an ancient bead that he gives to his daughter Asagi. Meanwhile, ornithologist Nagamine investigates reports of a new species of large bird named Gyaos. As the Gyaos begin to attack, an ancient guardian with a bond to Asagi emerges.",A great duel of supersonic speed.,1995-03-11,/iZ8yFxavjqsZXfZhkfPqrc4NauY.jpg,108,7.7,4500000,16000000,96,Released,False,/9PhGgvqOLV4ekQIMoeaPgXQ2fsk.jpg,"Adventure, Fantasy, Horror, Science Fiction",657313.0,Gamera (Heisei) Collection,11500000
2428,29159,Giallo,Giallo,it,"In Torino, Celine, an American model, is abducted by a taxi driver while en route home to meet her sister Linda, visiting at her apartment. The next morning, Linda reports that Celine is missing - the sergeant in charge directs her to F.B.I. agent Inspector Enzo Avolfi. He's from the Special New York City Department investigating a serial-killer that kidnaps foreigners to destroy their beauty. When a Japanese woman is found at nearby a fountain, Enzo and Linda find that the girl is calling the abductor's skin is ""Yellow"" in color and Linda concludes that the guy might have jaundice. They go to the Policlinic di Torino to find the killer.","To Catch a Killer, You Must Think Like a Killer!",2010-03-13,/4T1DfeTROHXDaygI3PdyZqDbMtj.jpg,131,4.1,14000000,50113,92,Released,False,/uaduFS1X5uOXYw5DYZJDqPa8oXj.jpg,"Crime, Horror, Mystery, Thriller",,,-13949887
2503,334394,Baskın: Karabasan,Baskin,tr,Feature length version of the 2013 Turkish short film about police making a horrifying discovery in an apartment building.,Enter a world of suffering and madness.,2015-12-31,/liyMXvvZP3hzcSqpcb6bS7gaTKB.jpg,238,5.8,350000,318155,97,Released,False,/uxrsznMDPgsGDqiZ7UkkFgBEglM.jpg,Horror,,,-31845
2529,39468,ゴジラ×メガギラス G消滅作戦,Godzilla vs. Megaguirus,ja,"In an alternate timeline the original Godzilla is never defeated and repeatedly reemerges to feed on Japan's energy sources. A new inter-dimensional weapon called the Dimension Tide is created with the intent of eliminating Godzilla. However, the new weapon might also serve as a gateway to something far more sinister.",Godzilla disappears.,2000-11-03,/8H78ZTr9SVoYYAQzMiFz8CO3TKd.jpg,134,6.7,8300000,11068800,105,Released,False,/h44PEDYRcnLgYaDYcvD68f0MpZm.jpg,"Action, Adventure, Horror, Science Fiction",374512.0,Godzilla (Millennium) Collection,2768800
2552,60159,ガメラ3 邪神＜イリス＞覚醒,Gamera 3: Revenge of Iris,ja,"With the Gyaos re-emerging, Gamera's ties to humanity have been severed with his bond to Asagi broken. Nagamine and Asagi investigate while an orphaned girl named Ayana discovers a new creature she names Iris. Nagamine and Asagi must reach Ayana before she takes her revenge on Gamera, who she blames for the death of her family.",I will not forgive Gamera,1999-03-06,/lbuXsx8SCGPHpbdKQyMevXUYlZD.jpg,96,7.6,6000000,15000000,108,Released,False,/7Ul9qKUBpRww25lHdcP1Y9qJ7CF.jpg,"Fantasy, Horror, Science Fiction",657313.0,Gamera (Heisei) Collection,9000000
2725,375742,Córki dancingu,The Lure,pl,"Two mermaid sisters, who end up performing at a nightclub, face cruel and bloody choices when one of them falls in love with a beautiful young man.",,2015-12-25,/mxdssWM8WyzBFq6pYwBHeTIJK1A.jpg,192,6.3,1300000,102986,93,Released,False,/cV6qjC3KGk2V9pYktGlUxzuWPkk.jpg,"Fantasy, Horror, Music",,,-1197014
2811,56812,Balada triste de trompeta,The Last Circus,es,"The journey of Javier, the obese Sad Clown, starts during his childhood in the midst of the Spanish civil war in 1937. His father, one of Spain’s most prominent jesters, is detained and tortured by the fascist regime.",It's showtime,2010-12-17,/rbpp2G4cpGG8jqCqhEBwvjQ0Y6C.jpg,336,6.6,7000000,3604598,101,Released,False,/dbspMNCXsezL0V1a5NX4WD9AadY.jpg,"Adventure, Comedy, Drama, Horror, Thriller",,,-3395402
2968,577028,Девятая,The Ninth,ru,"Petersburg at the end of the 19th century was embraced by a massive enthusiasm for the occult sciences and esotericism. British medium Olivia Reed arrives in the capital of the Russian Empire on tour and gathers crowds of people at her public spiritualistic sessions. At this time, a series of ritual mysterious murders takes place in the city. Girls are abducted on the streets, their mutilated bodies are found in various parts of the city. The investigation is carried out by a young police officer Rostov and his assistant Ganin. With each new victim, things are becoming more confused. Suspicion leads Rostov to Olivia, and he decides to turn to her in the hope that her genuine or imaginary ability to summon the spirits of the dead can help to get on the trail of the killer.",,2019-11-07,/o2Q9kkzkI5LGqP9K7ymmOc9CNRE.jpg,93,6.7,7000000,958558,99,Released,False,/odb22pd53XAdk1FvDNKFl0NqKF9.jpg,"Crime, Horror, Mystery, Thriller",,,-6041442
3024,184219,พี่มาก..พระโขนง,Pee Mak,th,"Mak's friends just want to protect him, but his wife Nak won't let a small thing like her own death get in the way of true love in this horror-comedy.",The legendary love story of pee mak and his ghost wife nak.,2013-03-28,/jIhCR7kuoy6WTENPZCNsDJfgLtX.jpg,99,7.2,1800000,33000000,111,Released,False,/6pzAKK6nYk7XTIzrKLQHob3BEjT.jpg,"Comedy, Horror, Romance",,,31200000
3393,300906,Atroz,Atrocious,es,"Atrocious is a film that portrays the story of two serial killers, who after being arrested for causing a traffic accident, police confiscate some videotapes. These tapes contain brutal murders that show human wickedness, their background, paraphilias and psyche of these murderers.",,2015-10-28,/6Izf4JuMgP5xi0EbB4gCLWDcHIH.jpg,53,5.9,7000,74,79,Released,False,/wtenyFz8VcTkY6gjr3hWtxLBCAU.jpg,Horror,,,-6926
3410,15483,Il cartaio,The Card Player,it,"Policewoman Anna Mari is forced to play a dangerous game with the title serial killer. If she loses, she witnesses the maniac's tortured victims having their throats cut in explicit close-up detail via webcam. She teams up with British cop John Brennan to find out the identity of the murderer.",A serial killer with a vice for Video Poker,2004-01-02,/t6R8gwVL6NU2bUtcIc3JJOpeUlO.jpg,184,4.4,2600000,3368452,103,Released,False,/QfgzgVa6bfZgY3mEeiobRduVkh.jpg,"Horror, Mystery, Thriller",,,768452
3646,52413,여고괴담 5: 동반자살,A Blood Pledge,ko,"Four friends pledge to commit suicide together but while standing on the ledge, only one of them actually jumps. Her ghost begins to haunt the remaining friends until the pledge is fulfilled.",,2009-06-18,/5QiG9avZTuvuALNtXalG2dg135U.jpg,42,5.4,125000,3470000,88,Released,False,/piB62xW87t25dPVIkfJDx0Bswj4.jpg,"Drama, Horror, Mystery",131780.0,Whispering Corridors Collection,3345000
3686,8332,Antikörper,Antibodies,de,"When a notorious German serial killer is captured after committing some of the most heinous acts against humanity ever imaginable, a farmer and police officer from a sleepy rural community on the outskirts of Berlin is drawn into the case as he searches for the answers to a murder that has shaken his tight-knit community.",The Good is the Evil in It,2005-04-24,/wIQP8C3yz8E4J1La9ehIy4Yta6e.jpg,129,6.8,1900000,891133,127,Released,False,/b3AqXvTXnLWdEUVeIPEUT0BQAvt.jpg,"Crime, Drama, Horror, Thriller",,,-1008867
3826,25744,口裂け女,A Slit-Mouthed Woman,ja,"Legend holds that 30 years ago, a suburban town was terrorized by the spirit of a woman whose horrid face had been grotesquely disfigured. Roaming the streets wearing a long coat and carrying large scissors, the spirit would approach her young victims and, while removing the mask, ask if she was pretty. The victim’s response would almost always lead to their violent death.",,2007-03-16,/mUwHLq5SFq0rQF9DhvoOEKt8AIi.jpg,90,6.0,34600000,45900000,90,Released,False,/vW5lqE7zCtOMwtwbkoRu0CwrTx.jpg,Horror,955786.0,Carved Collection,11300000
4149,24821,Skjult,Hidden,no,Painful memories arise when Kai Koss inherits his dead mother's house and goes back to his childhood home after 19 years.,,2009-03-04,/mKiQ6HihQwG9lmGokwrAANuV14j.jpg,56,5.7,2215773,1489526,95,Released,False,/9LM4UlmGTv85mOHBx8TMhpLXJMf.jpg,"Horror, Thriller",,,-726247
4455,292106,Dixie y la rebelión zombi,"Mummy, I'm a Zombie",es,"In the sequel to ""Daddy, I'm a Zombie"", all of our favorite characters are back! The fate of the planet is once again in Dixie's hands as she must fight to end the battle that has erupted between the living and the walking dead while balancing her newfound popularity at school and a campaign for student council.",War between humans and zombies just began!,2014-10-06,/zdaU2jx0IS4lPpQs0mDBlLMO2b8.jpg,36,7.2,64319,1000000,88,Released,False,/7wAbENoAQFoyj3uehsHKRhdRd0X.jpg,"Animation, Fantasy, Horror",297501.0,I'm A Zombie Collection,935681
4565,3122,La figlia di Frankenstein,Lady Frankenstein,it,"Dr. Frankensteins' daughter, who is in love with the aging lab assistant Marshall, continues with her fathers experiments and attempts to transplant Marshall's brain into a new body to prolong his life.",A Mad Surgeon's Mind in a Woman's Body,1971-10-22,/uJKbpxQ1XZeKBY4nLl8YdrUUIsd.jpg,39,5.0,200000,139683000,99,Released,False,/pDWy0iiyxPGOSg4D28LYGVbqm5A.jpg,"Horror, Science Fiction",,,139483000
4792,12128,Die Nacht der lebenden Loser,Night of the Living Dorks,de,"Three not-so-cool school friends decide to try a old voodoo ritual. Later, they die in a car accident, but live on as zombies. But being a zombie has advantages, too...",Being a loser was never this cool,2004-11-03,/g3QMMjjCQ69nxI4hWtK6okXU9pG.jpg,65,5.4,4410000,2107861,90,Released,False,/t73bezUPhAI2D9vf2otp6H905un.jpg,"Comedy, Horror",,,-2302139
4861,107227,23:59,23:59,zh,"An army recruit was found dead during a 24km road march. After the death of the recruit, strange things started to happen, haunting all the soldiers in the barracks.",,2011-11-03,/sQGBK2mvw3x07MmwRR2J6fDADZ5.jpg,39,4.7,600000,1208479,78,Released,False,/2AgB6Z7JVcP2EYo9cYAVDhrOD3y.jpg,Horror,,,608479
4891,46025,Malefique,Maléfique,fr,"In a penitentiary, four prisoners occupy a cell: Carrère, who used his company to commit a fraud and was betrayed by his wife; the drag Marcus and his protégée, the retarded Paquerette, who ate his six month old sister; and the intellectual, Lassalle who killed his wife. One night, Carrère finds an ancient journal hidden in a hole in the wall of the cell. They realize that the book was written by Danvers in the beginning of the last century and is about black magic. They decide to read and use its content to escape from the prison, when they find the truth about Danvers' fate.",Will you make it out alive?,2003-05-07,/2Ypfs4yETjYlfPzHCQSMv0nK1Lw.jpg,78,5.9,1500000,398016,90,Released,False,/mahVxOumX9FZdhbJ1YcX5qTLBQY.jpg,"Fantasy, Horror, Mystery",,,-1101984
4897,28485,Escalofrío,Satan's Blood,es,"Andy and Thelma, an urbanite couple living in Madrid, leave their apartment for a pleasant day around the city with their dog. They cross paths with Bruno and Anne, a strange couple who invite them to their foreboding country estate. A storm hits that evening and the two stay overnight. The couples engage in a bit of harmless communication with spirits via ouija board, but soon past conflicts arise Thelma had an affair with Andy's brother, and Anne criticizes Bruno over his attempted suicide. This is only the beginning of all the horrors that will haunt them in the house.",,1978-08-12,/hmCV5MRwJL8VwHJDmZnp8Velw3Y.jpg,28,6.2,175000,594947,82,Released,False,/jXNJOtNC8qvrENlGljHJUJxHkPd.jpg,"Horror, Thriller",,,419947
5002,15206,La terza madre,The Mother of Tears,it,"An ancient urn is found in a cemetery outside Rome. Once opened, it triggers a series of violent incidents: robberies, rapes and murders increase dramatically, while several mysterious, evil-looking young women coming from all over the world are gathering in the city. All these events are caused by the return of Mater Lacrimarum, the last of three powerful witches who have been spreading terror and death for centuries. Alone against an army of psychos and demons, Sarah Mandy, an art student who seems to have supernatural abilities of her own, is the only person left to prevent the Mother of Tears from destroying Rome.",What you see does not exist. What you cannot see is truth.,2007-09-06,/4hbIr5LpeI6UdaGviMaxStldln1.jpg,354,4.5,3500000,3119957,102,Released,False,/tEJf6vcobkTzIk2cRJYvLKeUuLY.jpg,Horror,868672.0,The Three Mothers Collection,-380043
5451,191562,गो गोआ गॉन,Go Goa Gone,hi,A rave party off the coast of Goa goes horrifyingly and hilariously wrong when the island is overrun with zombies.,I Kill Dead People.,2013-05-10,/5yArWoxijgN0gvo0ExQfKXgZ0Qr.jpg,82,5.7,2700000,5400000,111,Released,False,/tw2ujWwgZMKt1IqzayqCmnODJvi.jpg,"Comedy, Horror",829687.0,Go Goa Gone Collection,2700000
5460,358962,Пиковая дама: Черный обряд,Queen of Spades: The Dark Rite,ru,"There is an ancient ritual known to humankind for more than a hundred years...According to the legend, an ominous entity known as The Queen of Spades can be summoned by drawing a door and staircase on a mirror in the darkness, and by saying her name three times. The Queen of Spades gets her energy from reflective objects; she cuts locks of hair from those asleep, and those that see her go mad or die. Four teenagers decide to call The Queen of Spades as a joke. But when one of them dies of a sudden heart attack, the group realizes they are up against something inexplicable and deadly dangerous.",Evil Lives In The Reflection,2015-09-10,/jQ38xui1VOZYb8gzAPZwubg9Dg1.jpg,57,5.3,1000000,2228115,94,Released,False,/ghoeE63UBG8XKdMwOZkSY4wKAOa.jpg,Horror,589061.0,Queen of Spades Collection,1228115
5471,428642,എസ്ര,Ezra,ml,An urban couple Ranjan Mathew and Priya have just moved to Kochi when powers of the supernatural start to take over their lives. How they tide over the forces forms the story.​,Your worst fear comes true,2017-02-10,/4nOjXXYW67BEdSdJYMKdXySSLn7.jpg,29,5.9,1500000,7800000,147,Released,False,,"Horror, Thriller",,,6300000
5677,15980,राज़ : दि मिस्ट्री कन्टिन्युज,Raaz: The Mystery Continues...,hi,"A beautiful lady turns up in an architect's masterpiece.When he founds that she is real, he realizes that she is haunted and hunted by the reasons they have to find out",,2009-01-23,/bdVUWduDhrV7bGlHN1TR6NyEQ9r.jpg,30,5.8,6250000,8000000,137,Released,False,/e7eVM6mAEVZ7XZOGKrNTboTK38b.jpg,"Horror, Mystery",20725.0,Raaz Collection,1750000
5714,520393,టాక్సీవాలా,Taxiwala,te,"A job monger, Shiva who ends up as a taxiwala only to realise his ride is a beyond what anyone can expect.",,2018-06-01,/22nSwWSQ0sgo9gJxjWaGRlIJ0Mc.jpg,21,6.1,1000000,100000000,150,Released,False,/dpW6UbtM78gaYRxw7WJkiNY079T.jpg,"Comedy, Horror, Thriller",,,99000000
5869,36271,La lengua asesina,Killer Tongue,es,"Accidentally ingesting a meteorite part causes a serpentine, man eating tongue to grow out of a woman's mouth.",The movie with outrageous taste.,1996-11-15,/mYFmBlGOnpkn2ODcyBYP5Q7RI7m.jpg,29,5.3,4000000,219449,98,Released,False,,"Comedy, Horror, Science Fiction",,,-3780551
5913,245992,変態家族 新妻淫乱責め,Semen Demon,ja,"Sexual bombshell Reiko Yamaguchi, star of the smash-hit Japanese Wife Next Door films, is back and this time she needs an exorcist! Is her new husband possessed by a demon or is he just a pervert? And what's up with her father-in-law and his insatiable desire for Reiko? Something is definitely wrong with Reiko's family, and only an exorcist can help! Akira Fukamachi directs this raunchy take on exorcism.",,2005-07-29,/dAcHEXZiF5qrKE52dEHXnqolcQp.jpg,11,6.1,10000,1000000,56,Released,False,/ffXFS5JKRjzZzRPnARt072rPhiy.jpg,"Fantasy, Horror",,,990000
6124,127498,राज़ 3,Raaz 3,hi,"When an ingénue's sudden popularity threatens to shove her out of the spotlight, a movie star uses black magic in an attempt to derail her career.",When Desires Turn Evil,2012-09-07,/nOsWrm2IbH9mwIRBvhH7mFjmS5q.jpg,26,5.4,3600000,14000000,139,Released,False,/auQwNrtTT4fdz32dcqGUffpoFN5.jpg,"Horror, Thriller",20725.0,Raaz Collection,10400000
6145,461649,परी,Pari,hi,"Arnab tries to help Ruksahana, who is found under mysterious circumstances in a house. He lets her stay at his home until he discovers something strange about her.",Not A Fairy Tale,2018-03-02,/togwv0TGqXkIA2YuYIY9VDLEkdF.jpg,34,6.7,2600000,6000000,135,Released,False,/dIvfMOPSLWiTPWU4iN94Vtn6XNN.jpg,"Fantasy, Horror, Mystery",,,3400000
6553,65292,Le Pharmacien de garde,The Pharmacist,fr,An ecological pharmacist uses ancient Celtic techniques to murder industrial magnates whose practices harm the planet.,,2003-01-15,/rzhdKMGAQypbGvM51gChW9KsGeQ.jpg,10,5.7,7750000,1372469,84,Released,False,,"Crime, Drama, Horror",,,-6377531
6573,107937,भूत,Bhoot,hi,"A Mumbai businessman and his wife are looking for a new flat. Apartment 1201 has been vacant since its previous occupant jumped to her death. Undeterred, the couple still decides to move in, but before long, the wife starts to have visions.",,2003-05-30,/lHb8qSbtPAzm0yE3JhkN764veH0.jpg,20,6.0,2700000,9600000,113,Released,False,/aP2a0d7rrf1rPt5kw25LR0eVxj1.jpg,Horror,752944.0,Bhoot Collection,6900000
6936,139357,பீட்சா,Pizza,ta,The story is about how around a pizza delivery boy lands in a mysterious circumstance and how it works a dramatic change in his life. A very different thriller which will make you sweat.,,2012-10-19,/ojC9NacZhfSwUn9aAMXUtDLV52e.jpg,48,6.7,240000,2800000,127,Released,False,/y7fySMqq4A8RkXSkeqsFx0wlLuJ.jpg,"Comedy, Horror, Romance, Thriller",935280.0,Pizza,2560000
7447,31629,అరుంధతి,Arundhati,te,Arundhati  belongs to Gadwal samsthanam in 1920’s. She is known for her bravery in saving the Samstanam by killing Pasupathi an evildoer. But the spirit of Pasupathi haunts that place. Another girl is born in the same lineage after 3 generations and she is named as Arundhati. The spirit of Pasupati is after Arundhati to take the revenge.,,2009-01-16,/dUcomLIFBxDFOCwQ4zGOuy6acsP.jpg,21,6.7,2915739,14000000,132,Released,False,/hQxKoV9qwpktnC8nTAZ8XC2NNzH.jpg,"Fantasy, Horror, Thriller",,,11084261
7838,354667,RangiTaranga,RangiTaranga,kn,"Mysterious events begin to unfold after a reclusive novelist and his wife move back to her ancestral village, followed by a journalist.",,2015-07-03,/jvE6k9noK4BaU2F1GBhVe7vvjcI.jpg,17,7.5,490000,5000000,149,Released,False,/pFevFwZA8N10NcWLfy8qooEpL1z.jpg,"Horror, Mystery, Thriller",,,4510000
8400,133666,Dabbe 2,D@bbe 2,tr,"Internet network has spread into every home Dabbe, under the command of electromagnetic systems all over the world with demons and shadow assets were seized.",,2009-12-24,/xhmg4bpRLlSZ1oNODCtWPZkCi85.jpg,12,2.0,600,3,81,Released,False,/jN2QrsyGfurBrtGGCNTBQPNZ6wJ.jpg,"Horror, Mystery",529533.0,Dabbe [Seri],-597
8685,186747,एक थी डायन,Ek Thi Daayan,hi,A popular magician seeks help from a psychiatrist to protect him from a witch that has haunted him since childhood.,Everything Comes Full Circle,2013-04-18,/a4YHKrcrgqFtISCoYiFlxg2jQ6J.jpg,21,5.5,3500000,6500000,135,Released,False,/gEjpVXVEG2f2S5CoXG8u3tuQpRM.jpg,"Horror, Romance, Thriller",,,3000000
9242,531900,Block Z,Block Z,tl,"A pre-med student and her friends encounter the death of a patient that exhibited symptoms of rabies. They are soon faced with an even bigger problem as their patient comes back from the dead and infects the people on campus, causing a lockdown and trapping the students inside.",,2020-01-29,/n6jAasaOFvg0LNEpx7tLr5gVAEP.jpg,7,7.7,646955,709452,101,Released,False,/jHhyomGdc5Mk7fn93wO1ktHrMnC.jpg,"Action, Horror, Thriller",,,62497
9252,79067,Lost Place,Lost Place,de,"While on a GPS treasure hunt in the Palatinate forest four teenagers come across an old US military radio tower station. Back in the days of the Cold War it was part of a secret military program that produced horrific side effects, but has long since abandoned. Until now, when the station is mysteriously powered up again.",,2013-09-19,/1mODicswbT5J5q0AORvs5B09CwO.jpg,13,4.7,5200000,159828,101,Released,False,/9qwj1snQQAAPykrUSePJ7cm6FVc.jpg,"Horror, Mystery, Thriller",,,-5040172
9261,79359,Tuno Negro,Black Serenade,de,"Students of the university of Salamanca are brutally murdered by a black masked minstrel. Alex, an architecture student who has recently moved to Salamanca discovers a pattern behind the killings; it seems as if the killer strikes regularly after the exams to free the campus from lousy students.",,2001-07-19,/1KzEc8xepRdHikb3OnneFiRxfz3.jpg,20,5.3,3000000,3098924,110,Released,False,/hdY8F4WDODtJABVnY0Ivm0o26i4.jpg,"Drama, Horror, Thriller",,,98924
9553,496562,Sar Kati Laash,Sar Kati Laash,hi,A girl that works in a hotel falls in love with a rich man who checks in to the hotel. They are madly in love and quickly get married but are found dead on their honeymoon night. Now it is about who is or are the culprits?,,1999-10-08,/weFUFyDPZ8bezxsOWQZ08VDA7ea.jpg,0,0.0,39500,42660,105,Released,False,,Horror,,,3160
9702,15979,फूँक,Phoonk,hi,"A realtor fires one of his co-workers and out of spite, the co-worker and his wife does black magic on his daughter. Being an atheist, he shuns his mother and wife's theories on the supernatural and relies on a doctor for his daughter's treatment.",It's Supersitions Until It Happens To You,2008-08-22,/6v5Tcek4RzzlopN7bVF8jjnh9gs.jpg,11,2.8,750000,2760000,179,Released,False,,"Drama, Horror, Mystery",,,2010000
9725,56604,폐가,The Haunted House Project,ko,"Over the past 42 years, six people have gone missing, eight people have died ""accidently"" and eleven cases of murder have occurred in a deserted house. 3 members of an abandoned house exploring club and 3 staff members of a broadcasting company go into the deserted house. All of them disappear.",Stay out if you want to stay alive.,2010-08-19,/bJgWDNHPc1OKP5QzH3aeBL35Ghu.jpg,9,4.2,300000,83322,84,Released,False,/h7vjTuBlGoyNeSkitYMqmC6ErD2.jpg,"Horror, Mystery",,,-216678
9947,381214,Bunker of the Dead,Bunker of the Dead,de,"After Using the instructions found in an old Jewish diary,  Markus and Thomas hope to gain access to a WW II underground military base formerly codenamed: Cerusit. It was used by the Nazis as a secret research institute and is shrouded in rumors to this day about the lost gold of the Third Reich. The entrance to the cave system, however, lies right within the restricted area of a U.S. military base.. the first of many problems Markus and Thomas will have to face.",,2016-02-18,/a1LVK2OhhqTxPEJ31OunxAVA7zh.jpg,24,4.5,30000,10147,76,Released,False,/205EwwvpXYineZLI5mBGZFlXRup.jpg,"Action, Comedy, Horror",,,-19853
10491,140770,भूत रिटर्न्स,Bhoot Returns,hi,"A family moves into a possessed bungalow. A sudden turn of events in the house leaves them astonished. When things worsen, escape seems to be their last resort.",,2012-10-11,/eHLyKMkAEUbtngVqhphAUZmUr8d.jpg,4,3.0,750000,890000,73,Released,False,,Horror,752944.0,Bhoot Collection,140000
10504,96239,Zombadings 1: Patayin sa Shokot si Remington,Zombadings 1: Patayin sa Shokot si Remington,tl,"A boy cursed to turn gay when he grows up must sort out his feelings for the girl he loves and the boy – his best friend – he is suddenly lusting after, come to terms with his homophobia, and escape a pscho gay killer on the loose.",,2011-08-31,/tER1Ru1Grl5r8SIgcykoFztFoNZ.jpg,12,5.1,22361,721651,96,Released,False,/rFrWif1eKD7Ok1VNVBjk9tvDv5j.jpg,"Comedy, Horror",,,699290
10761,292830,Creature 3D,Creature 3D,hi,"People attend their first halt in a newly opened lodge in deep forest, but something is waiting for them.",,2014-09-12,/nbfirdO1slPZjzIcZoMev00bpUC.jpg,9,3.9,33000000,42000000,134,Released,False,,"Horror, Science Fiction",,,9000000
10830,50342,妄想,Diary,cn,"Winnie Leung becomes more disturbed and depressed after her boyfriend Seth Lau breaks up with her and she turns schizophrenic - imagining events which never occurred, and often living in her own world- until one day she meets a guy named Ray, bearing a close resemblance to Seth. Seeing this, her best friend Yvonne encourages her to go out with Hou so she can forget her misery and start over. As time passes, Winnie realises that the relationship with Ray is so alike her previous relationship with Seth, and when things seem to be running smoothly, the relationship begins to sours, just like with Seth. She begins to doubt his feelings and the lines between reality and fantasy start blurring again for her, leading her to question: did this all exist in the first place?",,2006-10-26,/ckdO48tEcCqeohkglioyYnDcgyy.jpg,21,6.1,2576871,749981,85,Released,False,/g5kmLrkxRSk2AGstgvaj4wk4V7e.jpg,"Horror, Thriller",,,-1826890
11054,139293,Tiktik: The Aswang Chronicles,Tiktik: The Aswang Chronicles,tl,"With dark shades on and a burning cigarette between his lips, Makoy will do whatever it takes to get back his girlfriend Sonia, who’s pregnant with their child. He makes the trip to remote Pulupandan, her hometown, and is quickly rebuffed by Sonia’s mother Fely. But Makoy has never been one to give up. With the help of Sonia’s father Nestor and his ever-dependable helper Bart, Makoy stays in town to surprise Sonia on her birthday. But alas, Makoy gets into trouble with a group of townsfolk who transform into tiktik—horrific, man-eating creatures with a taste for fetuses that are still in the womb! They are angry, and they are hungry for revenge. Will their thirst for blood and retribution be quenched? Will Makoy finally get his act together, protect Sonia and their baby, and once and for all prove himself worthy of their love? Who will win in the battle between men and monsters?","A Filipino Horror Movie with Heart, Guts, Liver, and All Human Flesh Eaten!!!",2012-10-16,/djY9jjVQVF1W84ddaIRWsz5Oefx.jpg,4,5.8,1791280,2035311,102,Released,False,/u6Vvv8TSCwxezc1hbcJjUSr9Esd.jpg,"Comedy, Fantasy, Horror",527964.0,The Aswang Chronicles Collection,244031
11966,790034,멋진 신세계,A Brave New World,ko,A geek is left home alone and his negligence causes the spread of a deadly contamination that infects the entire local population and turns them into flesh-eating zombies.,,2012-04-05,/i8qvcAmJfmcycbEQTVsZP9q2qi6.jpg,0,0.0,1600000,636990,41,Released,False,/otWCWCUszxEQ0fiLn1iau5R2Vbn.jpg,"Horror, Science Fiction",,,-963010
11976,830358,Dindon Sauvage (La dinde noire),Dindon Sauvage (La dinde noire),fr,"She'll come back, the black turkey","« Je criais: ""Y'a une bibitte noire dans le salon"" »",2016-04-01,/oc0NGnt5oqcrvqA07f7m2ELtFY4.jpg,1,10.0,1,720,2,Released,False,/A7rElZwr0JyhbKxGkibglbXDLoy.jpg,Horror,,,719
12593,760145,El Mecánico,The Car Mechanic,es,"A woman has to rescue her friend, a prisoner of a psychopath who lives in a mechanical workshop.",A video minute slasher,2019-11-03,/oThhvdKlMzzGOJdmigkR9izrHmw.jpg,2,8.0,25,10,2,Released,False,,"Horror, Mystery, Thriller",,,-15
12965,311155,பிசாசு,Pisaasu,ta,A violinist experiences paranormal experience in his flat after a death of a girl who he tries to save due to accident. Later he realises that actually the spirit is helping him and he tries to find out who killed the girl by accident.,,2014-12-19,/u3dLe7SJa7FQeM5LICtkiw6LUA7.jpg,26,6.7,310000,1200000,114,Released,False,/s0q8WmfUi2FJmBZzHLjSH3ES7QQ.jpg,"Drama, Horror, Thriller",923369.0,Pisaasu Collection,890000
13216,385301,Munafik,Munafik,ms,"Adam is a Muslim medical practitioner who is unable to accept the fact that his wife is no longer in this world. When he agrees to treat a woman named Maria, strange and unsettling things start to happen.",,2016-02-25,/2QCDn4Z8RTOwSo2WweeoexWfV8W.jpg,16,6.6,393894,1058591,98,Released,False,,Horror,657773.0,Munafik Trilogy,664697
13434,236808,Pizza 2: Villa,Pizza 2: Villa,ta,Jebin is a writer who is trying to get his work published. He comes to understand his financial status after his father's death. There is also a villa in Pondycherry that has been bequeathed to him by his dad about which he had no clue till then. His ensuing journey to the villa sets the ball rolling for interesting events that get unfurled slowly.,One Way Ticket To An Unknown World,2013-11-14,/r4VwckXLxJCda7mHIRSZO1BlB4C.jpg,8,5.7,970000,2800000,102,Released,False,/uNPfFGkE3URin7laUMMLSnNwPVM.jpg,"Horror, Thriller",935280.0,Pizza,1830000
14057,3410,Sevimli Frankestayn,My Friend Frankenstein,tr,Turkish version of Young Frankenstein.,,1975-01-01,/5Om8z2htFLzKw7uVvBHflKkwdof.jpg,3,6.3,55000,100000,80,Released,False,,"Comedy, Horror, Science Fiction",,,45000
14427,27423,ล่า-ท้า-ผี,Ghost Game,th,"Ghost Game tells the story of 11 contestants who sign up for a scary reality show which forces them to confront the supernatural and their innermost fears. They're brought to an ancient war museum in Cambodia, which was used as a Khmer Rouge prison twenty years before. Thousands of innocent people were tortured and killed there during the Cambodian war in the 1970s.","500 Million Baht in Cash, 11 Contestant… Dare to Play?",2006-04-20,/9kL7KIUhJJLnmqINyUO7ueSZ6ky.jpg,6,5.2,20000,71896,100,Released,False,/kDOnCAuTRuOqXXWPt6uTI5igtgn.jpg,"Horror, Mystery, Thriller",,,51896
15074,210803,ผีไม้จิ้มฟัน,Vow of Death,th,"Ake, Whan, Don, and Moe are four high-school friends who always misbehave and never focus on school. When the time for their college entrance exams comes along, all of them decide they'll need some special help in order to pass. They visit a holy banyan tree and pray for themselves to easily pass the exams. Their wish is granted. However, when they come back to the holy banyan tree to redeem their vow to the tree, they find that the holy banyan tree has been cut down and transferred to be made into toothpicks! The foursome must now struggle to collect every little piece of the tree before their fortune reverses.",,2007-03-14,/vBt2X5Fv41zQfxKCFasIb11bHQq.jpg,3,4.0,1100000,560000,98,Released,False,/5cM1v5lPY5zsn2k3YJoEWnnnAGt.jpg,"Comedy, Horror",,,-540000
16051,496587,Shaitan Tantrik,Shaitan Tantrik,hi,A 1999 Indian horror film.,,1999-10-15,/l0D1gLJ5c9bo2oNAHNiWrxTXC1b.jpg,0,0.0,31600,21725,109,Released,False,,"Fantasy, Horror",,,-9875
16767,547177,پری,Pari,ur,"When their daughter exhibits strange behavior after moving into their new home, a couple must come to terms with who she really is.",,2018-02-02,/AgkjdSuzpVyyReDcdkevFRTIztm.jpg,5,4.8,142575,12397,112,Released,False,/qkMrOWUjR9hmSewOJX6QB5EwG53.jpg,Horror,,,-130178
18798,23936,អាប,Lady Vampire,km,"Based on the Southeast Asian mythology of the ""Krasue."" The ""Krasue"" is the floating head of a vampiric female ghost which has internal organs that hang from the ghost's neck.",,2004-08-24,,4,5.0,9000,1000000,120,Released,False,,Horror,,,991000
19019,79282,Reincarnation,Reincarnation,ja,"A Japanese actress (Yuka) comes face to face with a slew of restless spirits when she signs on to star in a horror film -- the true story of a crazed professor's murderous rampage that left 11 victims, including his young daughter, in its wake. But the film being shot at the very site where the grisly killings took place. Takashi Shimizu (The Grudge) directs this darkly mesmerizing tale of crime, punishment and redemption.",,2004-01-01,/D9afP6FaqlOjn8ZVQFxno8HcJd.jpg,2,6.0,100000,4274679,95,Released,False,,"Fantasy, Horror",,,4174679
21093,340975,Nunca asistas a este tipo de fiestas,Nunca asistas a este tipo de fiestas,es,The story of a retired general and his son face to face with six crazy teenagers.,,2000-05-10,/3R4WcmsQmPXh51JwkUzTJuEyh8.jpg,0,0.0,10000,1000,70,Released,False,,"Comedy, Horror",,,-9000
23074,452343,اثیری,The Ethereal,fa,"Nollywood yoruba language movie with full english subtitle, Asiri (yoruba for Secrets) is a tale of three child hoodfriend who reconnect after a very long time away from each other only to find out that they all share secrets that interconnect them in dubious ways",,2002-01-01,/hS6ydmVjiHq737ZB0xATEtKT8Hk.jpg,0,0.0,10000,10000,83,Released,False,/miDleYjaU6QT5E0v4yalEj8HzlO.jpg,"Drama, Horror",,,0
23811,495120,Shob Bhooturey,Shob Bhooturey,bn,"Aniket (Abir) and the editor of his late father’s horror magazine, Kripadhar Babu (Supriyo), visit an eerie little village called Kushumpur with their mysterious companion Nandini (Sohini) to discover the sad truth about a haunted school there.",,2017-09-08,/78ljVZkG4R13pcWJdefIZPWlcCr.jpg,2,8.0,250000,225000,108,Released,False,,Horror,,,-25000
23842,496542,Khopdi: The Skull,Khopdi: The Skull,hi,A girl is raped by four men who dies after the incident but her spirit takes revenge.,,1999-07-30,/aaCYudw1axFrY1g7sQ7THavLOAi.jpg,0,0.0,31600,39500,91,Released,False,,Horror,,,7900
23845,496560,Maut Ki Dahshat,Maut Ki Dahshat,hi,A 2004 Indian horror film.,,2004-04-16,/1M2lh0KrwGB0BHcHJGQGRihtI77.jpg,0,0.0,23700,21330,104,Released,False,,Horror,,,-2370
23896,499727,Chudail No. 1,Chudail No. 1,hi,Chudail No. 1 is a horror film where a raped girl becomes a witch to get revenge against her rapists.,,1999-07-16,/hhPuF6eJlNxyFevQG6MWzJ3oGmq.jpg,0,0.0,31320,26622,92,Released,False,,Horror,,,-4698
23898,499732,Ho Sakta Hai!,Ho Sakta Hai!,hi,"Mohan is a medical student who lives in the United States. One day, he receives a strange phone call from his grandfather asking him to come back to his native village in India. Once he arrives, he finds out that his brother and sister-in-law have mysteriously disappeared.  Moreover, his little cousin Tanaji survived, but is behaving very strangely, he never speaks a word, gets up in the middle of the night, sometimes suddenly turns cold, and mistreats his toys. Mohan tries to solve the mystery, but fails to find a rational explanation for all the creepy things that happen. Everything points in the direction of the caretaker's wife, Parvati, who performs rituals of black magic.",The Poison of Power,2006-03-30,/f7tBDjnd2aQ0qiKQLJCNVLIYyPh.jpg,0,0.0,195750,12528,102,Released,False,,"Crime, Drama, Horror, Thriller",,,-183222
23903,500060,Tahkhana,Tahkhana,hi,"Baba puts an evil spirit in Shabnam body and Shabnam kills a village man in the Jungle. When Thakur Mahendra Pratap comes to know about this from his brother Vijay, he takes job of finding that evil. He goes in Jungle and finds Shabnam and brings her to the village and villagers hang her till death.  But after sometime Baba comes there and takes Shabnam's body while Karishma and Vijay are going through Jungle. Baba arrests Vijay and by his Kali Shakti he puts Shabnam's soul in Karishma's body by which she kills her mother. Thakur sends Sonam to Mama. Day-by-day villagers find dead bodies in the village and Gullu suspects Karishma.  After some years Sonam comes to haveli with Rahul and her mama and at the same time a doctor is murdered by Karishma. Another day Gullu was also killed. Rahul suspect on Baba and they follow Baba. Baba traps them and there they come to know Vijay is alive.",,2001-06-01,/pMcUpyAc1VaS38KJD96DH8Bd0vX.jpg,0,0.0,23505,18412,90,Released,False,,Horror,,,-5093
23905,500064,Dafan,Dafan,hi,"Puja who is a girl who sees things in her dreams before they happen. Thakur Jagir Singh wants to make his house an orphange after he dies but Dharampal is after his property.  He kills Thakur Jagir Singh but Puja has witnessed this in her dream and knows who the killer is but she can't find where the murder happened and who was murdered.  Puja fiance is a police inspector and goes to investigate Thakur's muder and it is there she sets eyes on Dharampal. When Dharampal finds out that she knows who the murderer is, he and his friends kill her and it is her spirit that takes revenge.",,2001-03-15,/7BzvDkZwXvXtL9XVPpTTekMiBO7.jpg,0,0.0,39175,32124,100,Released,False,,Horror,,,-7051
23906,500066,Darinda,Darinda,hi,A 2005 Indian horror film.,,2005-12-09,/fA7zgIs98wXGnyzMgoyby8q0ScI.jpg,0,0.0,31340,27814,76,Released,False,,Horror,,,-3526
23907,500071,Duplicate Jaani Dushman,Duplicate Jaani Dushman,hi,The film is about a thakur who kills newlywed brides on their wedding nights but nobody is aware its the thakur. The film is a remake of the 1979 film Jaani Dushman.,,2003-09-05,/3L6CeWBmJSkZ0n5s92XFOmHIyVv.jpg,0,0.0,47010,83051,87,Released,False,,Horror,,,36041
24612,547630,منطقة محظورة - قصر البارون,Restricted Area: Baron Palace,ar,"Film team decides to make a documentary about the famous Baron Palace, but after several attempts eventually led to catastrophic failure to extraction the necessary permits to shooting inside the palace, the team members decide to break into palace & shooting inside without permits, which put them in serious problems are endless.",,2016-11-16,/1MeuGUQ9WH4F0OnIGw28CFzqarI.jpg,0,0.0,250000,400000,85,Released,False,/4sX8jKuVok0bM16pmvnfi8Mc6gx.jpg,"Horror, Thriller",,,150000
25627,612635,Vermelho Vivo,Bright Red,pt,Filipe Santos is a man whose wife has been brutally murdered. The police can't find the killer and Filipe starts an investigation on it's own. However the more he searches for the truth the more twisted his methods become.,Revenge is only the beginning,2014-05-07,/xYYQp5d2GOBH4SsYmoHEtn73Jzy.jpg,0,0.0,350,550,9,Released,False,/anus0ui4wsqe19tn0pKgUF7YLN0.jpg,"Horror, Thriller",,,200
26842,691819,L'Attache,The Attachment,fr,"Clara and Paul are an ordinary couple. However, Clara's overprotection towards Paul could well shatter all their tranquility, even lead them to death ...",,2019-07-16,,1,9.0,50,100,9,Released,False,/A0Lggnxf1LJS8WkB23wVFDILdSO.jpg,"Drama, Horror",,,50
28553,778877,Cabeza Perdida,Cabeza Perdida,es,,,2020-12-24,/hBhMjctcvYtm1Dc5Dp0exqx0b7H.jpg,2,8.0,50,50,16,Released,False,/ypKlBIQWVRbVjVMWer2dBXBFryG.jpg,Horror,,,0
30741,906250,Hiraeth,Hiraeth,de,"The story of a lonely young man as he inexplicably wakes up in his dark and empty apartment one day. What follows is his journey through this mysterious and unrecognizable world he is thrown into. As he tries to grasp the surreal occurrences happening around him, he comes closer to unraveling the truth behind his existence and his dark past.",A sense of regret,2021-11-21,/aenzWo6w0Md88HlkSCs8c9TmEeX.jpg,2,10.0,1465,204,13,Released,False,/lrIIduMKbjOuUyDEvo1u3mqphwD.jpg,"Horror, Mystery",,,-1261
